accession	study	object_status	bioproject_accession	biosample_accession	library_ID	title	library_strategy	library_source	library_selection	library_layout	platform	instrument_model	design_description	filetype	filename	filename2
SRR13697068	SRP162022	new	PRJNA491657	SAMN13273514	1042BB_shotgun	1042BB	WGS	METAGENOMIC	other	PAIRED	Illumina	Illumina HiSeq 1000	gut metagenome human reads removed by kneaddata	fastq	1042BB_R1_nohumanreads.fastq.gz	1042BB_R2_nohumanreads.fastq.gz
SRR13697067	SRP162022	new	PRJNA491657	SAMN13273517	1042HH_shotgun	1042HH	WGS	METAGENOMIC	other	PAIRED	Illumina	Illumina HiSeq 1000	gut metagenome human reads removed by kneaddata	fastq	1042HH_R1_nohumanreads.fastq.gz	1042HH_R2_nohumanreads.fastq.gz
SRR13697113	SRP162022	new	PRJNA491657	SAMN07491247	1042I_shotgun	1042I	WGS	METAGENOMIC	other	PAIRED	Illumina	Illumina HiSeq 1000	gut metagenome human reads removed by kneaddata	fastq	1042I_R1_nohumanreads.fastq.gz	1042I_R2_nohumanreads.fastq.gz
SRR13697102	SRP162022	new	PRJNA491657	SAMN07491248	1042J_shotgun	1042J	WGS	METAGENOMIC	other	PAIRED	Illumina	Illumina HiSeq 1000	gut metagenome human reads removed by kneaddata	fastq	1042J_R1_nohumanreads.fastq.gz	1042J_R2_nohumanreads.fastq.gz
SRR13697155	SRP162022	new	PRJNA491657	SAMN13273519	1042JJ_shotgun	1042JJ	WGS	METAGENOMIC	other	PAIRED	Illumina	Illumina HiSeq 1000	gut metagenome human reads removed by kneaddata	fastq	1042JJ_R1_nohumanreads.fastq.gz	1042JJ_R2_nohumanreads.fastq.gz
SRR13697144	SRP162022	new	PRJNA491657	SAMN07491250	1042L_shotgun	1042L	WGS	METAGENOMIC	other	PAIRED	Illumina	Illumina HiSeq 1000	gut metagenome human reads removed by kneaddata	fastq	1042L_R1_nohumanreads.fastq.gz	1042L_R2_nohumanreads.fastq.gz
SRR13697133	SRP162022	new	PRJNA491657	SAMN07491259	1042U_shotgun	1042U	WGS	METAGENOMIC	other	PAIRED	Illumina	Illumina HiSeq 1000	gut metagenome human reads removed by kneaddata	fastq	1042U_R1_nohumanreads.fastq.gz	1042U_R2_nohumanreads.fastq.gz
SRR13697186	SRP162022	new	PRJNA491657	SAMN07491262	1042X_shotgun	1042X	WGS	METAGENOMIC	other	PAIRED	Illumina	Illumina HiSeq 1000	gut metagenome human reads removed by kneaddata	fastq	1042X_R1_nohumanreads.fastq.gz	1042X_R2_nohumanreads.fastq.gz
SRR13697175	SRP162022	new	PRJNA491657	SAMN07491275	1044K_shotgun	1044K	WGS	METAGENOMIC	other	PAIRED	Illumina	Illumina HiSeq 1000	gut metagenome human reads removed by kneaddata	fastq	1044K_R1_nohumanreads.fastq.gz	1044K_R2_nohumanreads.fastq.gz
SRR13697207	SRP162022	new	PRJNA491657	SAMN07491276	1044L_shotgun	1044L	WGS	METAGENOMIC	other	PAIRED	Illumina	Illumina HiSeq 1000	gut metagenome human reads removed by kneaddata	fastq	1044L_R1_nohumanreads.fastq.gz	1044L_R2_nohumanreads.fastq.gz
SRR13697066	SRP162022	new	PRJNA491657	SAMN07491279	1044O_shotgun	1044O	WGS	METAGENOMIC	other	PAIRED	Illumina	Illumina HiSeq 1000	gut metagenome human reads removed by kneaddata	fastq	1044O_R1_nohumanreads.fastq.gz	1044O_R2_nohumanreads.fastq.gz
SRR13697230	SRP162022	new	PRJNA491657	SAMN07491281	1044Q_shotgun	1044Q	WGS	METAGENOMIC	other	PAIRED	Illumina	Illumina HiSeq 1000	gut metagenome human reads removed by kneaddata	fastq	1044Q_R1_nohumanreads.fastq.gz	1044Q_R2_nohumanreads.fastq.gz
SRR13697219	SRP162022	new	PRJNA491657	SAMN07491282	1044R_shotgun	1044R	WGS	METAGENOMIC	other	PAIRED	Illumina	Illumina HiSeq 1000	gut metagenome human reads removed by kneaddata	fastq	1044R_R1_nohumanreads.fastq.gz	1044R_R2_nohumanreads.fastq.gz
SRR13697208	SRP162022	new	PRJNA491657	SAMN07491283	1044S_shotgun	1044S	WGS	METAGENOMIC	other	PAIRED	Illumina	Illumina HiSeq 1000	gut metagenome human reads removed by kneaddata	fastq	1044S_R1_nohumanreads.fastq.gz	1044S_R2_nohumanreads.fastq.gz
SRR13697090	SRP162022	new	PRJNA491657	SAMN07491380	1105C_shotgun	1105C	WGS	METAGENOMIC	other	PAIRED	Illumina	Illumina HiSeq 1000	gut metagenome human reads removed by kneaddata	fastq	1105C_R1_nohumanreads.fastq.gz	1105C_R2_nohumanreads.fastq.gz
SRR13697079	SRP162022	new	PRJNA491657	SAMN07491382	1105E_shotgun	1105E	WGS	METAGENOMIC	other	PAIRED	Illumina	Illumina HiSeq 1000	gut metagenome human reads removed by kneaddata	fastq	1105E_R1_nohumanreads.fastq.gz	1105E_R2_nohumanreads.fastq.gz
SRR13697132	SRP162022	new	PRJNA491657	SAMN07491390	1105M_shotgun	1105M	WGS	METAGENOMIC	other	PAIRED	Illumina	Illumina HiSeq 1000	gut metagenome human reads removed by kneaddata	fastq	1105M_R1_nohumanreads.fastq.gz	1105M_R2_nohumanreads.fastq.gz
SRR13697121	SRP162022	new	PRJNA491657	SAMN07491391	1105N_shotgun	1105N	WGS	METAGENOMIC	other	PAIRED	Illumina	Illumina HiSeq 1000	gut metagenome human reads removed by kneaddata	fastq	1105N_R1_nohumanreads.fastq.gz	1105N_R2_nohumanreads.fastq.gz
SRR13697115	SRP162022	new	PRJNA491657	SAMN07491393	1105P_shotgun	1105P	WGS	METAGENOMIC	other	PAIRED	Illumina	Illumina HiSeq 1000	gut metagenome human reads removed by kneaddata	fastq	1105P_R1_nohumanreads.fastq.gz	1105P_R2_nohumanreads.fastq.gz
SRR13697114	SRP162022	new	PRJNA491657	SAMN07491394	1105Q_shotgun	1105Q	WGS	METAGENOMIC	other	PAIRED	Illumina	Illumina HiSeq 1000	gut metagenome human reads removed by kneaddata	fastq	1105Q_R1_nohumanreads.fastq.gz	1105Q_R2_nohumanreads.fastq.gz
SRR13697112	SRP162022	new	PRJNA491657	SAMN07491402	1107E_shotgun	1107E	WGS	METAGENOMIC	other	PAIRED	Illumina	Illumina HiSeq 1000	gut metagenome human reads removed by kneaddata	fastq	1107E_R1_nohumanreads.fastq.gz	1107E_R2_nohumanreads.fastq.gz
SRR13697111	SRP162022	new	PRJNA491657	SAMN07491419	1110K_shotgun	1110K	WGS	METAGENOMIC	other	PAIRED	Illumina	Illumina HiSeq 1000	gut metagenome human reads removed by kneaddata	fastq	1110K_R1_nohumanreads.fastq.gz	1110K_R2_nohumanreads.fastq.gz
SRR13697110	SRP162022	new	PRJNA491657	SAMN07560317	1179F_shotgun	1179F	WGS	METAGENOMIC	other	PAIRED	Illumina	Illumina HiSeq 1000	gut metagenome human reads removed by kneaddata	fastq	1179F_R1_nohumanreads.fastq.gz	1179F_R2_nohumanreads.fastq.gz
SRR13697109	SRP162022	new	PRJNA491657	SAMN07560318	1179G_shotgun	1179G	WGS	METAGENOMIC	other	PAIRED	Illumina	Illumina HiSeq 1000	gut metagenome human reads removed by kneaddata	fastq	1179G_R1_nohumanreads.fastq.gz	1179G_R2_nohumanreads.fastq.gz
SRR13697108	SRP162022	new	PRJNA491657	SAMN07560319	1179H_shotgun	1179H	WGS	METAGENOMIC	other	PAIRED	Illumina	Illumina HiSeq 1000	gut metagenome human reads removed by kneaddata	fastq	1179H_R1_nohumanreads.fastq.gz	1179H_R2_nohumanreads.fastq.gz
SRR13697107	SRP162022	new	PRJNA491657	SAMN07560321	1179J_shotgun	1179J	WGS	METAGENOMIC	other	PAIRED	Illumina	Illumina HiSeq 1000	gut metagenome human reads removed by kneaddata	fastq	1179J_R1_nohumanreads.fastq.gz	1179J_R2_nohumanreads.fastq.gz
SRR13697106	SRP162022	new	PRJNA491657	SAMN07560322	1179K_shotgun	1179K	WGS	METAGENOMIC	other	PAIRED	Illumina	Illumina HiSeq 1000	gut metagenome human reads removed by kneaddata	fastq	1179K_R1_nohumanreads.fastq.gz	1179K_R2_nohumanreads.fastq.gz
SRR13697105	SRP162022	new	PRJNA491657	SAMN13273360	1179M_shotgun	1179M	WGS	METAGENOMIC	other	PAIRED	Illumina	Illumina HiSeq 1000	gut metagenome human reads removed by kneaddata	fastq	1179M_R1_nohumanreads.fastq.gz	1179M_R2_nohumanreads.fastq.gz
SRR13697104	SRP162022	new	PRJNA491657	SAMN13273361	1179N_shotgun	1179N	WGS	METAGENOMIC	other	PAIRED	Illumina	Illumina HiSeq 1000	gut metagenome human reads removed by kneaddata	fastq	1179N_R1_nohumanreads.fastq.gz	1179N_R2_nohumanreads.fastq.gz
SRR13697103	SRP162022	new	PRJNA491657	SAMN13273365	1179R_shotgun	1179R	WGS	METAGENOMIC	other	PAIRED	Illumina	Illumina HiSeq 1000	gut metagenome human reads removed by kneaddata	fastq	1179R_R1_nohumanreads.fastq.gz	1179R_R2_nohumanreads.fastq.gz
SRR13697101	SRP162022	new	PRJNA491657	SAMN07560323	1179S_shotgun	1179S	WGS	METAGENOMIC	other	PAIRED	Illumina	Illumina HiSeq 1000	gut metagenome human reads removed by kneaddata	fastq	1179S_R1_nohumanreads.fastq.gz	1179S_R2_nohumanreads.fastq.gz
SRR13697164	SRP162022	new	PRJNA491657	SAMN13273366	1179T_shotgun	1179T	WGS	METAGENOMIC	other	PAIRED	Illumina	Illumina HiSeq 1000	gut metagenome human reads removed by kneaddata	fastq	1179T_R1_nohumanreads.fastq.gz	1179T_R2_nohumanreads.fastq.gz
SRR13697163	SRP162022	new	PRJNA491657	SAMN07560324	1179U_shotgun	1179U	WGS	METAGENOMIC	other	PAIRED	Illumina	Illumina HiSeq 1000	gut metagenome human reads removed by kneaddata	fastq	1179U_R1_nohumanreads.fastq.gz	1179U_R2_nohumanreads.fastq.gz
SRR13697162	SRP162022	new	PRJNA491657	SAMN07560325	1179V_shotgun	1179V	WGS	METAGENOMIC	other	PAIRED	Illumina	Illumina HiSeq 1000	gut metagenome human reads removed by kneaddata	fastq	1179V_R1_nohumanreads.fastq.gz	1179V_R2_nohumanreads.fastq.gz
SRR13697161	SRP162022	new	PRJNA491657	SAMN13273367	1179W_shotgun	1179W	WGS	METAGENOMIC	other	PAIRED	Illumina	Illumina HiSeq 1000	gut metagenome human reads removed by kneaddata	fastq	1179W_R1_nohumanreads.fastq.gz	1179W_R2_nohumanreads.fastq.gz
SRR13697160	SRP162022	new	PRJNA491657	SAMN13276879	1179X_shotgun	1179X	WGS	METAGENOMIC	other	PAIRED	Illumina	Illumina HiSeq 1000	gut metagenome human reads removed by kneaddata	fastq	1179X_R1_nohumanreads.fastq.gz	1179X_R2_nohumanreads.fastq.gz
SRR13697159	SRP162022	new	PRJNA491657	SAMN07560341	1193M_shotgun	1193M	WGS	METAGENOMIC	other	PAIRED	Illumina	Illumina HiSeq 1000	gut metagenome human reads removed by kneaddata	fastq	1193M_R1_nohumanreads.fastq.gz	1193M_R2_nohumanreads.fastq.gz
SRR13697158	SRP162022	new	PRJNA491657	SAMN07560342	1193N_shotgun	1193N	WGS	METAGENOMIC	other	PAIRED	Illumina	Illumina HiSeq 1000	gut metagenome human reads removed by kneaddata	fastq	1193N_R1_nohumanreads.fastq.gz	1193N_R2_nohumanreads.fastq.gz
SRR13697157	SRP162022	new	PRJNA491657	SAMN13273267	1203A_shotgun	1203A	WGS	METAGENOMIC	other	PAIRED	Illumina	Illumina HiSeq 1000	gut metagenome human reads removed by kneaddata	fastq	1203A_R1_nohumanreads.fastq.gz	1203A_R2_nohumanreads.fastq.gz
SRR13697156	SRP162022	new	PRJNA491657	SAMN12019129	1203D_shotgun	1203D	WGS	METAGENOMIC	other	PAIRED	Illumina	Illumina HiSeq 1000	gut metagenome human reads removed by kneaddata	fastq	1203D_R1_nohumanreads.fastq.gz	1203D_R2_nohumanreads.fastq.gz
SRR13697154	SRP162022	new	PRJNA491657	SAMN12019130	1203E_shotgun	1203E	WGS	METAGENOMIC	other	PAIRED	Illumina	Illumina HiSeq 1000	gut metagenome human reads removed by kneaddata	fastq	1203E_R1_nohumanreads.fastq.gz	1203E_R2_nohumanreads.fastq.gz
SRR13697153	SRP162022	new	PRJNA491657	SAMN12018654	1203F_shotgun	1203F	WGS	METAGENOMIC	other	PAIRED	Illumina	Illumina HiSeq 1000	gut metagenome human reads removed by kneaddata	fastq	1203F_R1_nohumanreads.fastq.gz	1203F_R2_nohumanreads.fastq.gz
SRR13697152	SRP162022	new	PRJNA491657	SAMN12018658	1203J_shotgun	1203J	WGS	METAGENOMIC	other	PAIRED	Illumina	Illumina HiSeq 1000	gut metagenome human reads removed by kneaddata	fastq	1203J_R1_nohumanreads.fastq.gz	1203J_R2_nohumanreads.fastq.gz
SRR13697151	SRP162022	new	PRJNA491657	SAMN12018659	1203K_shotgun	1203K	WGS	METAGENOMIC	other	PAIRED	Illumina	Illumina HiSeq 1000	gut metagenome human reads removed by kneaddata	fastq	1203K_R1_nohumanreads.fastq.gz	1203K_R2_nohumanreads.fastq.gz
SRR13697150	SRP162022	new	PRJNA491657	SAMN13273672	1203L_shotgun	1203L	WGS	METAGENOMIC	other	PAIRED	Illumina	Illumina HiSeq 1000	gut metagenome human reads removed by kneaddata	fastq	1203L_R1_nohumanreads.fastq.gz	1203L_R2_nohumanreads.fastq.gz
SRR13697149	SRP162022	new	PRJNA491657	SAMN12018660	1203M_shotgun	1203M	WGS	METAGENOMIC	other	PAIRED	Illumina	Illumina HiSeq 1000	gut metagenome human reads removed by kneaddata	fastq	1203M_R1_nohumanreads.fastq.gz	1203M_R2_nohumanreads.fastq.gz
SRR13697148	SRP162022	new	PRJNA491657	SAMN12018661	1203N_shotgun	1203N	WGS	METAGENOMIC	other	PAIRED	Illumina	Illumina HiSeq 1000	gut metagenome human reads removed by kneaddata	fastq	1203N_R1_nohumanreads.fastq.gz	1203N_R2_nohumanreads.fastq.gz
SRR13697147	SRP162022	new	PRJNA491657	SAMN12018662	1203O_shotgun	1203O	WGS	METAGENOMIC	other	PAIRED	Illumina	Illumina HiSeq 1000	gut metagenome human reads removed by kneaddata	fastq	1203O_R1_nohumanreads.fastq.gz	1203O_R2_nohumanreads.fastq.gz
SRR13697146	SRP162022	new	PRJNA491657	SAMN12018663	1203P_shotgun	1203P	WGS	METAGENOMIC	other	PAIRED	Illumina	Illumina HiSeq 1000	gut metagenome human reads removed by kneaddata	fastq	1203P_R1_nohumanreads.fastq.gz	1203P_R2_nohumanreads.fastq.gz
SRR13697145	SRP162022	new	PRJNA491657	SAMN12018669	1203W_shotgun	1203W	WGS	METAGENOMIC	other	PAIRED	Illumina	Illumina HiSeq 1000	gut metagenome human reads removed by kneaddata	fastq	1203W_R1_nohumanreads.fastq.gz	1203W_R2_nohumanreads.fastq.gz
SRR13697143	SRP162022	new	PRJNA491657	SAMN12018953	1203X_shotgun	1203X	WGS	METAGENOMIC	other	PAIRED	Illumina	Illumina HiSeq 1000	gut metagenome human reads removed by kneaddata	fastq	1203X_R1_nohumanreads.fastq.gz	1203X_R2_nohumanreads.fastq.gz
SRR13697142	SRP162022	new	PRJNA491657	SAMN12018670	1203Y_shotgun	1203Y	WGS	METAGENOMIC	other	PAIRED	Illumina	Illumina HiSeq 1000	gut metagenome human reads removed by kneaddata	fastq	1203Y_R1_nohumanreads.fastq.gz	1203Y_R2_nohumanreads.fastq.gz
SRR13697141	SRP162022	new	PRJNA491657	SAMN07560378	1252AA_shotgun	1252AA	WGS	METAGENOMIC	other	PAIRED	Illumina	Illumina HiSeq 1000	gut metagenome human reads removed by kneaddata	fastq	1252AA_R1_nohumanreads.fastq.gz	1252AA_R2_nohumanreads.fastq.gz
SRR13697140	SRP162022	new	PRJNA491657	SAMN07560380	1252BB_shotgun	1252BB	WGS	METAGENOMIC	other	PAIRED	Illumina	Illumina HiSeq 1000	gut metagenome human reads removed by kneaddata	fastq	1252BB_R1_nohumanreads.fastq.gz	1252BB_R2_nohumanreads.fastq.gz
SRR13697139	SRP162022	new	PRJNA491657	SAMN07560381	1252C_shotgun	1252C	WGS	METAGENOMIC	other	PAIRED	Illumina	Illumina HiSeq 1000	gut metagenome human reads removed by kneaddata	fastq	1252C_R1_nohumanreads.fastq.gz	1252C_R2_nohumanreads.fastq.gz
SRR13697138	SRP162022	new	PRJNA491657	SAMN07560382	1252CC_shotgun	1252CC	WGS	METAGENOMIC	other	PAIRED	Illumina	Illumina HiSeq 1000	gut metagenome human reads removed by kneaddata	fastq	1252CC_R1_nohumanreads.fastq.gz	1252CC_R2_nohumanreads.fastq.gz
SRR13697137	SRP162022	new	PRJNA491657	SAMN07560389	1252HH_shotgun	1252HH	WGS	METAGENOMIC	other	PAIRED	Illumina	Illumina HiSeq 1000	gut metagenome human reads removed by kneaddata	fastq	1252HH_R1_nohumanreads.fastq.gz	1252HH_R2_nohumanreads.fastq.gz
SRR13697136	SRP162022	new	PRJNA491657	SAMN07560393	1252JJ_shotgun	1252JJ	WGS	METAGENOMIC	other	PAIRED	Illumina	Illumina HiSeq 1000	gut metagenome human reads removed by kneaddata	fastq	1252JJ_R1_nohumanreads.fastq.gz	1252JJ_R2_nohumanreads.fastq.gz
SRR13697135	SRP162022	new	PRJNA491657	SAMN07560395	1252KK_shotgun	1252KK	WGS	METAGENOMIC	other	PAIRED	Illumina	Illumina HiSeq 1000	gut metagenome human reads removed by kneaddata	fastq	1252KK_R1_nohumanreads.fastq.gz	1252KK_R2_nohumanreads.fastq.gz
SRR13697134	SRP162022	new	PRJNA491657	SAMN07560401	1252NN_shotgun	1252NN	WGS	METAGENOMIC	other	PAIRED	Illumina	Illumina HiSeq 1000	gut metagenome human reads removed by kneaddata	fastq	1252NN_R1_nohumanreads.fastq.gz	1252NN_R2_nohumanreads.fastq.gz
SRR13697196	SRP162022	new	PRJNA491657	SAMN07560404	1252PP_shotgun	1252PP	WGS	METAGENOMIC	other	PAIRED	Illumina	Illumina HiSeq 1000	gut metagenome human reads removed by kneaddata	fastq	1252PP_R1_nohumanreads.fastq.gz	1252PP_R2_nohumanreads.fastq.gz
SRR13697195	SRP162022	new	PRJNA491657	SAMN07560405	1252Q_shotgun	1252Q	WGS	METAGENOMIC	other	PAIRED	Illumina	Illumina HiSeq 1000	gut metagenome human reads removed by kneaddata	fastq	1252Q_R1_nohumanreads.fastq.gz	1252Q_R2_nohumanreads.fastq.gz
SRR13697194	SRP162022	new	PRJNA491657	SAMN07560406	1252QQ_shotgun	1252QQ	WGS	METAGENOMIC	other	PAIRED	Illumina	Illumina HiSeq 1000	gut metagenome human reads removed by kneaddata	fastq	1252QQ_R1_nohumanreads.fastq.gz	1252QQ_R2_nohumanreads.fastq.gz
SRR13697193	SRP162022	new	PRJNA491657	SAMN07560407	1252RR_shotgun	1252RR	WGS	METAGENOMIC	other	PAIRED	Illumina	Illumina HiSeq 1000	gut metagenome human reads removed by kneaddata	fastq	1252RR_R1_nohumanreads.fastq.gz	1252RR_R2_nohumanreads.fastq.gz
SRR13697192	SRP162022	new	PRJNA491657	SAMN07560408	1252T_shotgun	1252T	WGS	METAGENOMIC	other	PAIRED	Illumina	Illumina HiSeq 1000	gut metagenome human reads removed by kneaddata	fastq	1252T_R1_nohumanreads.fastq.gz	1252T_R2_nohumanreads.fastq.gz
SRR13697191	SRP162022	new	PRJNA491657	SAMN07560410	1252U_shotgun	1252U	WGS	METAGENOMIC	other	PAIRED	Illumina	Illumina HiSeq 1000	gut metagenome human reads removed by kneaddata	fastq	1252U_R1_nohumanreads.fastq.gz	1252U_R2_nohumanreads.fastq.gz
SRR13697190	SRP162022	new	PRJNA491657	SAMN07560412	1252V_shotgun	1252V	WGS	METAGENOMIC	other	PAIRED	Illumina	Illumina HiSeq 1000	gut metagenome human reads removed by kneaddata	fastq	1252V_R1_nohumanreads.fastq.gz	1252V_R2_nohumanreads.fastq.gz
SRR13697189	SRP162022	new	PRJNA491657	SAMN13273820	1252X_shotgun	1252X	WGS	METAGENOMIC	other	PAIRED	Illumina	Illumina HiSeq 1000	gut metagenome human reads removed by kneaddata	fastq	1252X_R1_nohumanreads.fastq.gz	1252X_R2_nohumanreads.fastq.gz
SRR13697188	SRP162022	new	PRJNA491657	SAMN13273821	1252Y_shotgun	1252Y	WGS	METAGENOMIC	other	PAIRED	Illumina	Illumina HiSeq 1000	gut metagenome human reads removed by kneaddata	fastq	1252Y_R1_nohumanreads.fastq.gz	1252Y_R2_nohumanreads.fastq.gz
SRR13697187	SRP162022	new	PRJNA491657	SAMN13273822	1252Z_shotgun	1252Z	WGS	METAGENOMIC	other	PAIRED	Illumina	Illumina HiSeq 1000	gut metagenome human reads removed by kneaddata	fastq	1252Z_R1_nohumanreads.fastq.gz	1252Z_R2_nohumanreads.fastq.gz
SRR13697185	SRP162022	new	PRJNA491657	SAMN13271621	1403C_shotgun	1403C	WGS	METAGENOMIC	other	PAIRED	Illumina	Illumina HiSeq 1000	gut metagenome human reads removed by kneaddata	fastq	1403C_R1_nohumanreads.fastq.gz	1403C_R2_nohumanreads.fastq.gz
SRR13697184	SRP162022	new	PRJNA491657	SAMN13272910	1414B_shotgun	1414B	WGS	METAGENOMIC	other	PAIRED	Illumina	Illumina HiSeq 1000	gut metagenome human reads removed by kneaddata	fastq	1414B_R1_nohumanreads.fastq.gz	1414B_R2_nohumanreads.fastq.gz
SRR13697183	SRP162022	new	PRJNA491657	SAMN14140874	2065A_shotgun	2065A	WGS	METAGENOMIC	other	PAIRED	Illumina	Illumina HiSeq 1000	gut metagenome human reads removed by kneaddata	fastq	2065A_R1_nohumanreads.fastq.gz	2065A_R2_nohumanreads.fastq.gz
SRR13697182	SRP162022	new	PRJNA491657	SAMN14140875	2065B_shotgun	2065B	WGS	METAGENOMIC	other	PAIRED	Illumina	Illumina HiSeq 1000	gut metagenome human reads removed by kneaddata	fastq	2065B_R1_nohumanreads.fastq.gz	2065B_R2_nohumanreads.fastq.gz
SRR13697181	SRP162022	new	PRJNA491657	SAMN14140876	2065C_shotgun	2065C	WGS	METAGENOMIC	other	PAIRED	Illumina	Illumina HiSeq 1000	gut metagenome human reads removed by kneaddata	fastq	2065C_R1_nohumanreads.fastq.gz	2065C_R2_nohumanreads.fastq.gz
SRR13697180	SRP162022	new	PRJNA491657	SAMN14140877	2065D_shotgun	2065D	WGS	METAGENOMIC	other	PAIRED	Illumina	Illumina HiSeq 1000	gut metagenome human reads removed by kneaddata	fastq	2065D_R1_nohumanreads.fastq.gz	2065D_R2_nohumanreads.fastq.gz
SRR13697179	SRP162022	new	PRJNA491657	SAMN14140880	2065G_shotgun	2065G	WGS	METAGENOMIC	other	PAIRED	Illumina	Illumina HiSeq 1000	gut metagenome human reads removed by kneaddata	fastq	2065G_R1_nohumanreads.fastq.gz	2065G_R2_nohumanreads.fastq.gz
SRR13697178	SRP162022	new	PRJNA491657	SAMN14140992	2142J_shotgun	2142J	WGS	METAGENOMIC	other	PAIRED	Illumina	Illumina HiSeq 1000	gut metagenome human reads removed by kneaddata	fastq	2142J_R1_nohumanreads.fastq.gz	2142J_R2_nohumanreads.fastq.gz
SRR13697177	SRP162022	new	PRJNA491657	SAMN10084157	653A_shotgun	653A	WGS	METAGENOMIC	other	PAIRED	Illumina	Illumina HiSeq 1000	gut metagenome human reads removed by kneaddata	fastq	653A_R1_nohumanreads.fastq.gz	653A_R2_nohumanreads.fastq.gz
SRR13697176	SRP162022	new	PRJNA491657	SAMN10084162	653F_shotgun	653F	WGS	METAGENOMIC	other	PAIRED	Illumina	Illumina HiSeq 1000	gut metagenome human reads removed by kneaddata	fastq	653F_R1_nohumanreads.fastq.gz	653F_R2_nohumanreads.fastq.gz
SRR13697174	SRP162022	new	PRJNA491657	SAMN10084163	653G_shotgun	653G	WGS	METAGENOMIC	other	PAIRED	Illumina	Illumina HiSeq 1000	gut metagenome human reads removed by kneaddata	fastq	653G_R1_nohumanreads.fastq.gz	653G_R2_nohumanreads.fastq.gz
SRR13697173	SRP162022	new	PRJNA491657	SAMN10084164	653H_shotgun	653H	WGS	METAGENOMIC	other	PAIRED	Illumina	Illumina HiSeq 1000	gut metagenome human reads removed by kneaddata	fastq	653H_R1_nohumanreads.fastq.gz	653H_R2_nohumanreads.fastq.gz
SRR13697172	SRP162022	new	PRJNA491657	SAMN07362074	668A_shotgun	668A	WGS	METAGENOMIC	other	PAIRED	Illumina	Illumina HiSeq 1000	gut metagenome human reads removed by kneaddata	fastq	668A_R1_nohumanreads.fastq.gz	668A_R2_nohumanreads.fastq.gz
SRR13697171	SRP162022	new	PRJNA491657	SAMN07362075	668B_shotgun	668B	WGS	METAGENOMIC	other	PAIRED	Illumina	Illumina HiSeq 1000	gut metagenome human reads removed by kneaddata	fastq	668B_R1_nohumanreads.fastq.gz	668B_R2_nohumanreads.fastq.gz
SRR13697170	SRP162022	new	PRJNA491657	SAMN07491433	668BB_shotgun	668BB	WGS	METAGENOMIC	other	PAIRED	Illumina	Illumina HiSeq 1000	gut metagenome human reads removed by kneaddata	fastq	668BB_R1_nohumanreads.fastq.gz	668BB_R2_nohumanreads.fastq.gz
SRR13697169	SRP162022	new	PRJNA491657	SAMN07491434	668CC_shotgun	668CC	WGS	METAGENOMIC	other	PAIRED	Illumina	Illumina HiSeq 1000	gut metagenome human reads removed by kneaddata	fastq	668CC_R1_nohumanreads.fastq.gz	668CC_R2_nohumanreads.fastq.gz
SRR13697168	SRP162022	new	PRJNA491657	SAMN07362077	668D_shotgun	668D	WGS	METAGENOMIC	other	PAIRED	Illumina	Illumina HiSeq 1000	gut metagenome human reads removed by kneaddata	fastq	668D_R1_nohumanreads.fastq.gz	668D_R2_nohumanreads.fastq.gz
SRR13697167	SRP162022	new	PRJNA491657	SAMN07491435	668DD_shotgun	668DD	WGS	METAGENOMIC	other	PAIRED	Illumina	Illumina HiSeq 1000	gut metagenome human reads removed by kneaddata	fastq	668DD_R1_nohumanreads.fastq.gz	668DD_R2_nohumanreads.fastq.gz
SRR13697166	SRP162022	new	PRJNA491657	SAMN07491436	668EE_shotgun	668EE	WGS	METAGENOMIC	other	PAIRED	Illumina	Illumina HiSeq 1000	gut metagenome human reads removed by kneaddata	fastq	668EE_R1_nohumanreads.fastq.gz	668EE_R2_nohumanreads.fastq.gz
SRR13697165	SRP162022	new	PRJNA491657	SAMN07491437	668F_shotgun	668F	WGS	METAGENOMIC	other	PAIRED	Illumina	Illumina HiSeq 1000	gut metagenome human reads removed by kneaddata	fastq	668F_R1_nohumanreads.fastq.gz	668F_R2_nohumanreads.fastq.gz
SRR13697206	SRP162022	new	PRJNA491657	SAMN07491438	668FF_shotgun	668FF	WGS	METAGENOMIC	other	PAIRED	Illumina	Illumina HiSeq 1000	gut metagenome human reads removed by kneaddata	fastq	668FF_R1_nohumanreads.fastq.gz	668FF_R2_nohumanreads.fastq.gz
SRR13697205	SRP162022	new	PRJNA491657	SAMN07491439	668G_shotgun	668G	WGS	METAGENOMIC	other	PAIRED	Illumina	Illumina HiSeq 1000	gut metagenome human reads removed by kneaddata	fastq	668G_R1_nohumanreads.fastq.gz	668G_R2_nohumanreads.fastq.gz
SRR13697204	SRP162022	new	PRJNA491657	SAMN07491440	668GG_shotgun	668GG	WGS	METAGENOMIC	other	PAIRED	Illumina	Illumina HiSeq 1000	gut metagenome human reads removed by kneaddata	fastq	668GG_R1_nohumanreads.fastq.gz	668GG_R2_nohumanreads.fastq.gz
SRR13697203	SRP162022	new	PRJNA491657	SAMN07491442	668HH_shotgun	668HH	WGS	METAGENOMIC	other	PAIRED	Illumina	Illumina HiSeq 1000	gut metagenome human reads removed by kneaddata	fastq	668HH_R1_nohumanreads.fastq.gz	668HH_R2_nohumanreads.fastq.gz
SRR13697202	SRP162022	new	PRJNA491657	SAMN07491444	668II_shotgun	668II	WGS	METAGENOMIC	other	PAIRED	Illumina	Illumina HiSeq 1000	gut metagenome human reads removed by kneaddata	fastq	668II_R1_nohumanreads.fastq.gz	668II_R2_nohumanreads.fastq.gz
SRR13697201	SRP162022	new	PRJNA491657	SAMN07491446	668JJ_shotgun	668JJ	WGS	METAGENOMIC	other	PAIRED	Illumina	Illumina HiSeq 1000	gut metagenome human reads removed by kneaddata	fastq	668JJ_R1_nohumanreads.fastq.gz	668JJ_R2_nohumanreads.fastq.gz
SRR13697200	SRP162022	new	PRJNA491657	SAMN07491447	668K_shotgun	668K	WGS	METAGENOMIC	other	PAIRED	Illumina	Illumina HiSeq 1000	gut metagenome human reads removed by kneaddata	fastq	668K_R1_nohumanreads.fastq.gz	668K_R2_nohumanreads.fastq.gz
SRR13697199	SRP162022	new	PRJNA491657	SAMN07491448	668KK_shotgun	668KK	WGS	METAGENOMIC	other	PAIRED	Illumina	Illumina HiSeq 1000	gut metagenome human reads removed by kneaddata	fastq	668KK_R1_nohumanreads.fastq.gz	668KK_R2_nohumanreads.fastq.gz
SRR13697198	SRP162022	new	PRJNA491657	SAMN07491449	668L_shotgun	668L	WGS	METAGENOMIC	other	PAIRED	Illumina	Illumina HiSeq 1000	gut metagenome human reads removed by kneaddata	fastq	668L_R1_nohumanreads.fastq.gz	668L_R2_nohumanreads.fastq.gz
SRR13697197	SRP162022	new	PRJNA491657	SAMN07491450	668LL_shotgun	668LL	WGS	METAGENOMIC	other	PAIRED	Illumina	Illumina HiSeq 1000	gut metagenome human reads removed by kneaddata	fastq	668LL_R1_nohumanreads.fastq.gz	668LL_R2_nohumanreads.fastq.gz
SRR13697065	SRP162022	new	PRJNA491657	SAMN07491451	668M_shotgun	668M	WGS	METAGENOMIC	other	PAIRED	Illumina	Illumina HiSeq 1000	gut metagenome human reads removed by kneaddata	fastq	668M_R1_nohumanreads.fastq.gz	668M_R2_nohumanreads.fastq.gz
SRR13697239	SRP162022	new	PRJNA491657	SAMN07491452	668MM_shotgun	668MM	WGS	METAGENOMIC	other	PAIRED	Illumina	Illumina HiSeq 1000	gut metagenome human reads removed by kneaddata	fastq	668MM_R1_nohumanreads.fastq.gz	668MM_R2_nohumanreads.fastq.gz
SRR13697238	SRP162022	new	PRJNA491657	SAMN07491453	668N_shotgun	668N	WGS	METAGENOMIC	other	PAIRED	Illumina	Illumina HiSeq 1000	gut metagenome human reads removed by kneaddata	fastq	668N_R1_nohumanreads.fastq.gz	668N_R2_nohumanreads.fastq.gz
SRR13697237	SRP162022	new	PRJNA491657	SAMN07491454	668NN_shotgun	668NN	WGS	METAGENOMIC	other	PAIRED	Illumina	Illumina HiSeq 1000	gut metagenome human reads removed by kneaddata	fastq	668NN_R1_nohumanreads.fastq.gz	668NN_R2_nohumanreads.fastq.gz
SRR13697236	SRP162022	new	PRJNA491657	SAMN07491455	668O_shotgun	668O	WGS	METAGENOMIC	other	PAIRED	Illumina	Illumina HiSeq 1000	gut metagenome human reads removed by kneaddata	fastq	668O_R1_nohumanreads.fastq.gz	668O_R2_nohumanreads.fastq.gz
SRR13697235	SRP162022	new	PRJNA491657	SAMN07491456	668P_shotgun	668P	WGS	METAGENOMIC	other	PAIRED	Illumina	Illumina HiSeq 1000	gut metagenome human reads removed by kneaddata	fastq	668P_R1_nohumanreads.fastq.gz	668P_R2_nohumanreads.fastq.gz
SRR13697234	SRP162022	new	PRJNA491657	SAMN07491457	668Q_shotgun	668Q	WGS	METAGENOMIC	other	PAIRED	Illumina	Illumina HiSeq 1000	gut metagenome human reads removed by kneaddata	fastq	668Q_R1_nohumanreads.fastq.gz	668Q_R2_nohumanreads.fastq.gz
SRR13697233	SRP162022	new	PRJNA491657	SAMN07491458	668R_shotgun	668R	WGS	METAGENOMIC	other	PAIRED	Illumina	Illumina HiSeq 1000	gut metagenome human reads removed by kneaddata	fastq	668R_R1_nohumanreads.fastq.gz	668R_R2_nohumanreads.fastq.gz
SRR13697232	SRP162022	new	PRJNA491657	SAMN07491459	668S_shotgun	668S	WGS	METAGENOMIC	other	PAIRED	Illumina	Illumina HiSeq 1000	gut metagenome human reads removed by kneaddata	fastq	668S_R1_nohumanreads.fastq.gz	668S_R2_nohumanreads.fastq.gz
SRR13697231	SRP162022	new	PRJNA491657	SAMN07491461	668U_shotgun	668U	WGS	METAGENOMIC	other	PAIRED	Illumina	Illumina HiSeq 1000	gut metagenome human reads removed by kneaddata	fastq	668U_R1_nohumanreads.fastq.gz	668U_R2_nohumanreads.fastq.gz
SRR13697229	SRP162022	new	PRJNA491657	SAMN07491462	668V_shotgun	668V	WGS	METAGENOMIC	other	PAIRED	Illumina	Illumina HiSeq 1000	gut metagenome human reads removed by kneaddata	fastq	668V_R1_nohumanreads.fastq.gz	668V_R2_nohumanreads.fastq.gz
SRR13697228	SRP162022	new	PRJNA491657	SAMN07491463	668W_shotgun	668W	WGS	METAGENOMIC	other	PAIRED	Illumina	Illumina HiSeq 1000	gut metagenome human reads removed by kneaddata	fastq	668W_R1_nohumanreads.fastq.gz	668W_R2_nohumanreads.fastq.gz
SRR13697227	SRP162022	new	PRJNA491657	SAMN07491464	668X_shotgun	668X	WGS	METAGENOMIC	other	PAIRED	Illumina	Illumina HiSeq 1000	gut metagenome human reads removed by kneaddata	fastq	668X_R1_nohumanreads.fastq.gz	668X_R2_nohumanreads.fastq.gz
SRR13697226	SRP162022	new	PRJNA491657	SAMN13275548	FMT.0034A_shotgun	FMT.0034A	WGS	METAGENOMIC	other	PAIRED	Illumina	Illumina HiSeq 1000	gut metagenome human reads removed by kneaddata	fastq	FMT.0034A_R1_nohumanreads.fastq.gz	FMT.0034A_R2_nohumanreads.fastq.gz
SRR13697225	SRP162022	new	PRJNA491657	SAMN07560697	FMT.0063OO_shotgun	FMT.0063OO	WGS	METAGENOMIC	other	PAIRED	Illumina	Illumina HiSeq 1000	gut metagenome human reads removed by kneaddata	fastq	FMT.0063OO_R1_nohumanreads.fastq.gz	FMT.0063OO_R2_nohumanreads.fastq.gz
SRR13697224	SRP162022	new	PRJNA491657	SAMN07560711	FMT.0064A_shotgun	FMT.0064A	WGS	METAGENOMIC	other	PAIRED	Illumina	Illumina HiSeq 1000	gut metagenome human reads removed by kneaddata	fastq	FMT.0064A_R1_nohumanreads.fastq.gz	FMT.0064A_R2_nohumanreads.fastq.gz
SRR13697223	SRP162022	new	PRJNA491657	SAMN07560723	FMT.0064G_shotgun	FMT.0064G	WGS	METAGENOMIC	other	PAIRED	Illumina	Illumina HiSeq 1000	gut metagenome human reads removed by kneaddata	fastq	FMT.0064G_R1_nohumanreads.fastq.gz	FMT.0064G_R2_nohumanreads.fastq.gz
SRR13697222	SRP162022	new	PRJNA491657	SAMN07560729	FMT.0064M_shotgun	FMT.0064M	WGS	METAGENOMIC	other	PAIRED	Illumina	Illumina HiSeq 1000	gut metagenome human reads removed by kneaddata	fastq	FMT.0064M_R1_nohumanreads.fastq.gz	FMT.0064M_R2_nohumanreads.fastq.gz
SRR13697221	SRP162022	new	PRJNA491657	SAMN14141211	FMT.0064X_shotgun	FMT.0064X	WGS	METAGENOMIC	other	PAIRED	Illumina	Illumina HiSeq 1000	gut metagenome human reads removed by kneaddata	fastq	FMT.0064X_R1_nohumanreads.fastq.gz	FMT.0064X_R2_nohumanreads.fastq.gz
SRR13697220	SRP162022	new	PRJNA491657	SAMN12019207	FMT.0066B_shotgun	FMT.0066B	WGS	METAGENOMIC	other	PAIRED	Illumina	Illumina HiSeq 1000	gut metagenome human reads removed by kneaddata	fastq	FMT.0066B_R1_nohumanreads.fastq.gz	FMT.0066B_R2_nohumanreads.fastq.gz
SRR13697218	SRP162022	new	PRJNA491657	SAMN12019215	FMT.0066J_shotgun	FMT.0066J	WGS	METAGENOMIC	other	PAIRED	Illumina	Illumina HiSeq 1000	gut metagenome human reads removed by kneaddata	fastq	FMT.0066J_R1_nohumanreads.fastq.gz	FMT.0066J_R2_nohumanreads.fastq.gz
SRR13697217	SRP162022	new	PRJNA491657	SAMN12019218	FMT.0066M_shotgun	FMT.0066M	WGS	METAGENOMIC	other	PAIRED	Illumina	Illumina HiSeq 1000	gut metagenome human reads removed by kneaddata	fastq	FMT.0066M_R1_nohumanreads.fastq.gz	FMT.0066M_R2_nohumanreads.fastq.gz
SRR13697216	SRP162022	new	PRJNA491657	SAMN12019219	FMT.0066N_shotgun	FMT.0066N	WGS	METAGENOMIC	other	PAIRED	Illumina	Illumina HiSeq 1000	gut metagenome human reads removed by kneaddata	fastq	FMT.0066N_R1_nohumanreads.fastq.gz	FMT.0066N_R2_nohumanreads.fastq.gz
SRR13697215	SRP162022	new	PRJNA491657	SAMN12019221	FMT.0066P_shotgun	FMT.0066P	WGS	METAGENOMIC	other	PAIRED	Illumina	Illumina HiSeq 1000	gut metagenome human reads removed by kneaddata	fastq	FMT.0066P_R1_nohumanreads.fastq.gz	FMT.0066P_R2_nohumanreads.fastq.gz
SRR13697214	SRP162022	new	PRJNA491657	SAMN12019222	FMT.0066Q_shotgun	FMT.0066Q	WGS	METAGENOMIC	other	PAIRED	Illumina	Illumina HiSeq 1000	gut metagenome human reads removed by kneaddata	fastq	FMT.0066Q_R1_nohumanreads.fastq.gz	FMT.0066Q_R2_nohumanreads.fastq.gz
SRR13697213	SRP162022	new	PRJNA491657	SAMN12019223	FMT.0066R_shotgun	FMT.0066R	WGS	METAGENOMIC	other	PAIRED	Illumina	Illumina HiSeq 1000	gut metagenome human reads removed by kneaddata	fastq	FMT.0066R_R1_nohumanreads.fastq.gz	FMT.0066R_R2_nohumanreads.fastq.gz
SRR13697212	SRP162022	new	PRJNA491657	SAMN12019224	FMT.0066S_shotgun	FMT.0066S	WGS	METAGENOMIC	other	PAIRED	Illumina	Illumina HiSeq 1000	gut metagenome human reads removed by kneaddata	fastq	FMT.0066S_R1_nohumanreads.fastq.gz	FMT.0066S_R2_nohumanreads.fastq.gz
SRR13697211	SRP162022	new	PRJNA491657	SAMN12019225	FMT.0066T_shotgun	FMT.0066T	WGS	METAGENOMIC	other	PAIRED	Illumina	Illumina HiSeq 1000	gut metagenome human reads removed by kneaddata	fastq	FMT.0066T_R1_nohumanreads.fastq.gz	FMT.0066T_R2_nohumanreads.fastq.gz
SRR13697210	SRP162022	new	PRJNA491657	SAMN13174040	FMT.0066W_shotgun	FMT.0066W	WGS	METAGENOMIC	other	PAIRED	Illumina	Illumina HiSeq 1000	gut metagenome human reads removed by kneaddata	fastq	FMT.0066W_R1_nohumanreads.fastq.gz	FMT.0066W_R2_nohumanreads.fastq.gz
SRR13697209	SRP162022	new	PRJNA491657	SAMN13174041	FMT.0066X_shotgun	FMT.0066X	WGS	METAGENOMIC	other	PAIRED	Illumina	Illumina HiSeq 1000	gut metagenome human reads removed by kneaddata	fastq	FMT.0066X_R1_nohumanreads.fastq.gz	FMT.0066X_R2_nohumanreads.fastq.gz
SRR13697100	SRP162022	new	PRJNA491657	SAMN07560773	FMT.0069D_shotgun	FMT.0069D	WGS	METAGENOMIC	other	PAIRED	Illumina	Illumina HiSeq 1000	gut metagenome human reads removed by kneaddata	fastq	FMT.0069D_R1_nohumanreads.fastq.gz	FMT.0069D_R2_nohumanreads.fastq.gz
SRR13697099	SRP162022	new	PRJNA491657	SAMN07560774	FMT.0069E_shotgun	FMT.0069E	WGS	METAGENOMIC	other	PAIRED	Illumina	Illumina HiSeq 1000	gut metagenome human reads removed by kneaddata	fastq	FMT.0069E_R1_nohumanreads.fastq.gz	FMT.0069E_R2_nohumanreads.fastq.gz
SRR13697098	SRP162022	new	PRJNA491657	SAMN07560777	FMT.0069H_shotgun	FMT.0069H	WGS	METAGENOMIC	other	PAIRED	Illumina	Illumina HiSeq 1000	gut metagenome human reads removed by kneaddata	fastq	FMT.0069H_R1_nohumanreads.fastq.gz	FMT.0069H_R2_nohumanreads.fastq.gz
SRR13697097	SRP162022	new	PRJNA491657	SAMN07560779	FMT.0069J_shotgun	FMT.0069J	WGS	METAGENOMIC	other	PAIRED	Illumina	Illumina HiSeq 1000	gut metagenome human reads removed by kneaddata	fastq	FMT.0069J_R1_nohumanreads.fastq.gz	FMT.0069J_R2_nohumanreads.fastq.gz
SRR13697096	SRP162022	new	PRJNA491657	SAMN07560785	FMT.0069P_shotgun	FMT.0069P	WGS	METAGENOMIC	other	PAIRED	Illumina	Illumina HiSeq 1000	gut metagenome human reads removed by kneaddata	fastq	FMT.0069P_R1_nohumanreads.fastq.gz	FMT.0069P_R2_nohumanreads.fastq.gz
SRR13697095	SRP162022	new	PRJNA491657	SAMN07560787	FMT.0069R_shotgun	FMT.0069R	WGS	METAGENOMIC	other	PAIRED	Illumina	Illumina HiSeq 1000	gut metagenome human reads removed by kneaddata	fastq	FMT.0069R_R1_nohumanreads.fastq.gz	FMT.0069R_R2_nohumanreads.fastq.gz
SRR13697094	SRP162022	new	PRJNA491657	SAMN07560788	FMT.0069S_shotgun	FMT.0069S	WGS	METAGENOMIC	other	PAIRED	Illumina	Illumina HiSeq 1000	gut metagenome human reads removed by kneaddata	fastq	FMT.0069S_R1_nohumanreads.fastq.gz	FMT.0069S_R2_nohumanreads.fastq.gz
SRR13697093	SRP162022	new	PRJNA491657	SAMN07560806	FMT.0077B_shotgun	FMT.0077B	WGS	METAGENOMIC	other	PAIRED	Illumina	Illumina HiSeq 1000	gut metagenome human reads removed by kneaddata	fastq	FMT.0077B_R1_nohumanreads.fastq.gz	FMT.0077B_R2_nohumanreads.fastq.gz
SRR13697092	SRP162022	new	PRJNA491657	SAMN07561797	FMT.0091E_shotgun	FMT.0091E	WGS	METAGENOMIC	other	PAIRED	Illumina	Illumina HiSeq 1000	gut metagenome human reads removed by kneaddata	fastq	FMT.0091E_R1_nohumanreads.fastq.gz	FMT.0091E_R2_nohumanreads.fastq.gz
SRR13697091	SRP162022	new	PRJNA491657	SAMN14141234	FMT.0092EE_shotgun	FMT.0092EE	WGS	METAGENOMIC	other	PAIRED	Illumina	Illumina HiSeq 1000	gut metagenome human reads removed by kneaddata	fastq	FMT.0092EE_R1_nohumanreads.fastq.gz	FMT.0092EE_R2_nohumanreads.fastq.gz
SRR13697089	SRP162022	new	PRJNA491657	SAMN12018507	FMT.0092G_shotgun	FMT.0092G	WGS	METAGENOMIC	other	PAIRED	Illumina	Illumina HiSeq 1000	gut metagenome human reads removed by kneaddata	fastq	FMT.0092G_R1_nohumanreads.fastq.gz	FMT.0092G_R2_nohumanreads.fastq.gz
SRR13697088	SRP162022	new	PRJNA491657	SAMN12018508	FMT.0092I_shotgun	FMT.0092I	WGS	METAGENOMIC	other	PAIRED	Illumina	Illumina HiSeq 1000	gut metagenome human reads removed by kneaddata	fastq	FMT.0092I_R1_nohumanreads.fastq.gz	FMT.0092I_R2_nohumanreads.fastq.gz
SRR13697087	SRP162022	new	PRJNA491657	SAMN14141238	FMT.0092II_shotgun	FMT.0092II	WGS	METAGENOMIC	other	PAIRED	Illumina	Illumina HiSeq 1000	gut metagenome human reads removed by kneaddata	fastq	FMT.0092II_R1_nohumanreads.fastq.gz	FMT.0092II_R2_nohumanreads.fastq.gz
SRR13697086	SRP162022	new	PRJNA491657	SAMN12018509	FMT.0092J_shotgun	FMT.0092J	WGS	METAGENOMIC	other	PAIRED	Illumina	Illumina HiSeq 1000	gut metagenome human reads removed by kneaddata	fastq	FMT.0092J_R1_nohumanreads.fastq.gz	FMT.0092J_R2_nohumanreads.fastq.gz
SRR13697085	SRP162022	new	PRJNA491657	SAMN14141239	FMT.0092JJ_shotgun	FMT.0092JJ	WGS	METAGENOMIC	other	PAIRED	Illumina	Illumina HiSeq 1000	gut metagenome human reads removed by kneaddata	fastq	FMT.0092JJ_R1_nohumanreads.fastq.gz	FMT.0092JJ_R2_nohumanreads.fastq.gz
SRR13697084	SRP162022	new	PRJNA491657	SAMN12018511	FMT.0092L_shotgun	FMT.0092L	WGS	METAGENOMIC	other	PAIRED	Illumina	Illumina HiSeq 1000	gut metagenome human reads removed by kneaddata	fastq	FMT.0092L_R1_nohumanreads.fastq.gz	FMT.0092L_R2_nohumanreads.fastq.gz
SRR13697083	SRP162022	new	PRJNA491657	SAMN12018518	FMT.0092T_shotgun	FMT.0092T	WGS	METAGENOMIC	other	PAIRED	Illumina	Illumina HiSeq 1000	gut metagenome human reads removed by kneaddata	fastq	FMT.0092T_R1_nohumanreads.fastq.gz	FMT.0092T_R2_nohumanreads.fastq.gz
SRR13697082	SRP162022	new	PRJNA491657	SAMN10086173	FMT.0092U_shotgun	FMT.0092U	WGS	METAGENOMIC	other	PAIRED	Illumina	Illumina HiSeq 1000	gut metagenome human reads removed by kneaddata	fastq	FMT.0092U_R1_nohumanreads.fastq.gz	FMT.0092U_R2_nohumanreads.fastq.gz
SRR13697081	SRP162022	new	PRJNA491657	SAMN13274000	FMT.0092X_shotgun	FMT.0092X	WGS	METAGENOMIC	other	PAIRED	Illumina	Illumina HiSeq 1000	gut metagenome human reads removed by kneaddata	fastq	FMT.0092X_R1_nohumanreads.fastq.gz	FMT.0092X_R2_nohumanreads.fastq.gz
SRR13697080	SRP162022	new	PRJNA491657	SAMN13274002	FMT.0092Z_shotgun	FMT.0092Z	WGS	METAGENOMIC	other	PAIRED	Illumina	Illumina HiSeq 1000	gut metagenome human reads removed by kneaddata	fastq	FMT.0092Z_R1_nohumanreads.fastq.gz	FMT.0092Z_R2_nohumanreads.fastq.gz
SRR13697078	SRP162022	new	PRJNA491657	SAMN07561826	FMT.0093Z_shotgun	FMT.0093Z	WGS	METAGENOMIC	other	PAIRED	Illumina	Illumina HiSeq 1000	gut metagenome human reads removed by kneaddata	fastq	FMT.0093Z_R1_nohumanreads.fastq.gz	FMT.0093Z_R2_nohumanreads.fastq.gz
SRR13697077	SRP162022	new	PRJNA491657	SAMN07561831	FMT.0094E_shotgun	FMT.0094E	WGS	METAGENOMIC	other	PAIRED	Illumina	Illumina HiSeq 1000	gut metagenome human reads removed by kneaddata	fastq	FMT.0094E_R1_nohumanreads.fastq.gz	FMT.0094E_R2_nohumanreads.fastq.gz
SRR13697076	SRP162022	new	PRJNA491657	SAMN07561848	FMT.0097A_shotgun	FMT.0097A	WGS	METAGENOMIC	other	PAIRED	Illumina	Illumina HiSeq 1000	gut metagenome human reads removed by kneaddata	fastq	FMT.0097A_R1_nohumanreads.fastq.gz	FMT.0097A_R2_nohumanreads.fastq.gz
SRR13697075	SRP162022	new	PRJNA491657	SAMN07561849	FMT.0097B_shotgun	FMT.0097B	WGS	METAGENOMIC	other	PAIRED	Illumina	Illumina HiSeq 1000	gut metagenome human reads removed by kneaddata	fastq	FMT.0097B_R1_nohumanreads.fastq.gz	FMT.0097B_R2_nohumanreads.fastq.gz
SRR13697074	SRP162022	new	PRJNA491657	SAMN07561850	FMT.0097C_shotgun	FMT.0097C	WGS	METAGENOMIC	other	PAIRED	Illumina	Illumina HiSeq 1000	gut metagenome human reads removed by kneaddata	fastq	FMT.0097C_R1_nohumanreads.fastq.gz	FMT.0097C_R2_nohumanreads.fastq.gz
SRR13697073	SRP162022	new	PRJNA491657	SAMN12018648	FMT.0097H_shotgun	FMT.0097H	WGS	METAGENOMIC	other	PAIRED	Illumina	Illumina HiSeq 1000	gut metagenome human reads removed by kneaddata	fastq	FMT.0097H_R1_nohumanreads.fastq.gz	FMT.0097H_R2_nohumanreads.fastq.gz
SRR13697072	SRP162022	new	PRJNA491657	SAMN07561854	FMT.0097I_shotgun	FMT.0097I	WGS	METAGENOMIC	other	PAIRED	Illumina	Illumina HiSeq 1000	gut metagenome human reads removed by kneaddata	fastq	FMT.0097I_R1_nohumanreads.fastq.gz	FMT.0097I_R2_nohumanreads.fastq.gz
SRR13697071	SRP162022	new	PRJNA491657	SAMN07561855	FMT.0097J_shotgun	FMT.0097J	WGS	METAGENOMIC	other	PAIRED	Illumina	Illumina HiSeq 1000	gut metagenome human reads removed by kneaddata	fastq	FMT.0097J_R1_nohumanreads.fastq.gz	FMT.0097J_R2_nohumanreads.fastq.gz
SRR13697070	SRP162022	new	PRJNA491657	SAMN07561858	FMT.0097M_shotgun	FMT.0097M	WGS	METAGENOMIC	other	PAIRED	Illumina	Illumina HiSeq 1000	gut metagenome human reads removed by kneaddata	fastq	FMT.0097M_R1_nohumanreads.fastq.gz	FMT.0097M_R2_nohumanreads.fastq.gz
SRR13697069	SRP162022	new	PRJNA491657	SAMN07561859	FMT.0097N_shotgun	FMT.0097N	WGS	METAGENOMIC	other	PAIRED	Illumina	Illumina HiSeq 1000	gut metagenome human reads removed by kneaddata	fastq	FMT.0097N_R1_nohumanreads.fastq.gz	FMT.0097N_R2_nohumanreads.fastq.gz
SRR13697131	SRP162022	new	PRJNA491657	SAMN07562007	FMT.0111B_shotgun	FMT.0111B	WGS	METAGENOMIC	other	PAIRED	Illumina	Illumina HiSeq 1000	gut metagenome human reads removed by kneaddata	fastq	FMT.0111B_R1_nohumanreads.fastq.gz	FMT.0111B_R2_nohumanreads.fastq.gz
SRR13697130	SRP162022	new	PRJNA491657	SAMN07562009	FMT.0111D_shotgun	FMT.0111D	WGS	METAGENOMIC	other	PAIRED	Illumina	Illumina HiSeq 1000	gut metagenome human reads removed by kneaddata	fastq	FMT.0111D_R1_nohumanreads.fastq.gz	FMT.0111D_R2_nohumanreads.fastq.gz
SRR13697129	SRP162022	new	PRJNA491657	SAMN07562012	FMT.0111G_shotgun	FMT.0111G	WGS	METAGENOMIC	other	PAIRED	Illumina	Illumina HiSeq 1000	gut metagenome human reads removed by kneaddata	fastq	FMT.0111G_R1_nohumanreads.fastq.gz	FMT.0111G_R2_nohumanreads.fastq.gz
SRR13697128	SRP162022	new	PRJNA491657	SAMN07562043	FMT.0113B_shotgun	FMT.0113B	WGS	METAGENOMIC	other	PAIRED	Illumina	Illumina HiSeq 1000	gut metagenome human reads removed by kneaddata	fastq	FMT.0113B_R1_nohumanreads.fastq.gz	FMT.0113B_R2_nohumanreads.fastq.gz
SRR13697127	SRP162022	new	PRJNA491657	SAMN07562057	FMT.0114B_shotgun	FMT.0114B	WGS	METAGENOMIC	other	PAIRED	Illumina	Illumina HiSeq 1000	gut metagenome human reads removed by kneaddata	fastq	FMT.0114B_R1_nohumanreads.fastq.gz	FMT.0114B_R2_nohumanreads.fastq.gz
SRR13697126	SRP162022	new	PRJNA491657	SAMN07562060	FMT.0114E_shotgun	FMT.0114E	WGS	METAGENOMIC	other	PAIRED	Illumina	Illumina HiSeq 1000	gut metagenome human reads removed by kneaddata	fastq	FMT.0114E_R1_nohumanreads.fastq.gz	FMT.0114E_R2_nohumanreads.fastq.gz
SRR13697125	SRP162022	new	PRJNA491657	SAMN07562062	FMT.0114G_shotgun	FMT.0114G	WGS	METAGENOMIC	other	PAIRED	Illumina	Illumina HiSeq 1000	gut metagenome human reads removed by kneaddata	fastq	FMT.0114G_R1_nohumanreads.fastq.gz	FMT.0114G_R2_nohumanreads.fastq.gz
SRR13697124	SRP162022	new	PRJNA491657	SAMN07562063	FMT.0114H_shotgun	FMT.0114H	WGS	METAGENOMIC	other	PAIRED	Illumina	Illumina HiSeq 1000	gut metagenome human reads removed by kneaddata	fastq	FMT.0114H_R1_nohumanreads.fastq.gz	FMT.0114H_R2_nohumanreads.fastq.gz
SRR13697123	SRP162022	new	PRJNA491657	SAMN12018571	FMT.0114K_shotgun	FMT.0114K	WGS	METAGENOMIC	other	PAIRED	Illumina	Illumina HiSeq 1000	gut metagenome human reads removed by kneaddata	fastq	FMT.0114K_R1_nohumanreads.fastq.gz	FMT.0114K_R2_nohumanreads.fastq.gz
SRR13697122	SRP162022	new	PRJNA491657	SAMN17862032	FMT.0114M_shotgun	FMT.0114M	WGS	METAGENOMIC	other	PAIRED	Illumina	Illumina HiSeq 1000	gut metagenome human reads removed by kneaddata	fastq	FMT.0114M_R1_nohumanreads.fastq.gz	FMT.0114M_R2_nohumanreads.fastq.gz
SRR13697120	SRP162022	new	PRJNA491657	SAMN13273835	FMT.0114P_shotgun	FMT.0114P	WGS	METAGENOMIC	other	PAIRED	Illumina	Illumina HiSeq 1000	gut metagenome human reads removed by kneaddata	fastq	FMT.0114P_R1_nohumanreads.fastq.gz	FMT.0114P_R2_nohumanreads.fastq.gz
SRR13697119	SRP162022	new	PRJNA491657	SAMN13273610	FMT.0166A_shotgun	FMT.0166A	WGS	METAGENOMIC	other	PAIRED	Illumina	Illumina HiSeq 1000	gut metagenome human reads removed by kneaddata	fastq	FMT.0166A_R1_nohumanreads.fastq.gz	FMT.0166A_R2_nohumanreads.fastq.gz
SRR13697118	SRP162022	new	PRJNA491657	SAMN12019532	FMT.0166E_shotgun	FMT.0166E	WGS	METAGENOMIC	other	PAIRED	Illumina	Illumina HiSeq 1000	gut metagenome human reads removed by kneaddata	fastq	FMT.0166E_R1_nohumanreads.fastq.gz	FMT.0166E_R2_nohumanreads.fastq.gz
SRR13697117	SRP162022	new	PRJNA491657	SAMN13272504	FMT.0187A_shotgun	FMT.0187A	WGS	METAGENOMIC	other	PAIRED	Illumina	Illumina HiSeq 1000	gut metagenome human reads removed by kneaddata	fastq	FMT.0187A_R1_nohumanreads.fastq.gz	FMT.0187A_R2_nohumanreads.fastq.gz
SRR13697116	SRP162022	new	PRJNA491657	SAMN12019676	FMT.0187E_shotgun	FMT.0187E	WGS	METAGENOMIC	other	PAIRED	Illumina	Illumina HiSeq 1000	gut metagenome human reads removed by kneaddata	fastq	FMT.0187E_R1_nohumanreads.fastq.gz	FMT.0187E_R2_nohumanreads.fastq.gz
